,Total Value
2021-01-01,1000000
2021-01-04 00:00:00,1000000
2021-01-05 00:00:00,1000000.0
2021-01-06 00:00:00,1000598.2082366943
2021-01-07 00:00:00,1007287.8891944885
2021-01-08 00:00:00,1008311.4501953125
2021-01-11 00:00:00,1006468.5267448425
2021-01-12 00:00:00,1010666.3794517517
2021-01-13 00:00:00,1017717.8053855896
2021-01-14 00:00:00,1027938.0124092102
2021-01-15 00:00:00,1013013.6608123779
2021-01-19 00:00:00,1029098.8386154175
2021-01-20 00:00:00,1029396.3857650757
2021-01-21 00:00:00,1037718.0456161499
2021-01-22 00:00:00,1033726.2047767639
2021-01-25 00:00:00,1027670.6457138062
2021-01-26 00:00:00,1037497.2388267517
2021-01-27 00:00:00,1018412.6992225647
2021-01-28 00:00:00,1018602.7764320372
2021-01-29 00:00:00,1002011.9374275208
2021-02-01 00:00:00,1003268.9160346985
2021-02-02 00:00:00,1001553.226184845
2021-02-03 00:00:00,999427.6469230651
2021-02-04 00:00:00,1003886.7020606995
2021-02-05 00:00:00,1011381.3771247864
2021-02-08 00:00:00,1025131.9760322571
2021-02-09 00:00:00,1025021.839237213
2021-02-10 00:00:00,1020995.606803894
2021-02-11 00:00:00,1019056.7711830138
2021-02-12 00:00:00,1022362.4191284179
2021-02-16 00:00:00,1013465.2894020079
2021-02-17 00:00:00,1011063.104534149
2021-02-18 00:00:00,1008497.0376968384
2021-02-19 00:00:00,1004594.5156097412
2021-02-22 00:00:00,1011559.0861320496
2021-02-23 00:00:00,1015880.644607544
2021-02-24 00:00:00,1038531.0248374939
2021-02-25 00:00:00,1023533.2806587219
2021-02-26 00:00:00,1018794.8901176453
2021-03-01 00:00:00,1034299.1339683533
2021-03-02 00:00:00,1032441.020965576
2021-03-03 00:00:00,1030844.4823265075
2021-03-04 00:00:00,1018585.4489326477
2021-03-05 00:00:00,1045751.4822006226
2021-03-08 00:00:00,1059841.5671348572
2021-03-09 00:00:00,1051938.8974189758
2021-03-10 00:00:00,1064477.5624275208
2021-03-11 00:00:00,1061251.492881775
2021-03-12 00:00:00,1075752.3315429688
2021-03-15 00:00:00,1092736.0381126404
2021-03-16 00:00:00,1077928.2897949219
2021-03-17 00:00:00,1081833.2690238953
2021-03-18 00:00:00,1064170.6184387207
2021-03-19 00:00:00,1069085.4164123535
2021-03-22 00:00:00,1075823.1512069702
2021-03-23 00:00:00,1063397.9999542236
2021-03-24 00:00:00,1059619.4984436035
2021-03-25 00:00:00,1062074.625968933
2021-03-26 00:00:00,1081233.9693069458
2021-03-29 00:00:00,1082881.5256118774
2021-03-30 00:00:00,1073909.3534469604
2021-03-31 00:00:00,1075586.3695144653
2021-04-01 00:00:00,1084461.2260818481
2021-04-05 00:00:00,1094301.5687942505
2021-04-06 00:00:00,1091639.5177841187
2021-04-07 00:00:00,1085321.4818954468
2021-04-08 00:00:00,1094073.7789154053
2021-04-09 00:00:00,1104377.1142959595
2021-04-12 00:00:00,1102941.6959762573
2021-04-13 00:00:00,1109467.7334785461
2021-04-14 00:00:00,1105892.5731658936
2021-04-15 00:00:00,1124890.2528762817
2021-04-16 00:00:00,1128756.2678337097
2021-04-19 00:00:00,1121154.1481018066
2021-04-20 00:00:00,1111319.5875167847
2021-04-21 00:00:00,1118827.1932601929
2021-04-22 00:00:00,1113404.3626785278
2021-04-23 00:00:00,1127748.2021331787
2021-04-26 00:00:00,1132176.9626617432
2021-04-27 00:00:00,1134602.7841567993
2021-04-28 00:00:00,1138095.3035354614
2021-04-29 00:00:00,1140661.8083953855
2021-04-30 00:00:00,1124278.911781311
2021-05-03 00:00:00,1126615.5652999878
2021-05-04 00:00:00,1132338.9316558838
2021-05-05 00:00:00,1133340.2005195615
2021-05-06 00:00:00,1145854.7367095945
2021-05-07 00:00:00,1154994.0067291257
2021-05-10 00:00:00,1162178.6738395689
2021-05-11 00:00:00,1141909.1599464414
2021-05-12 00:00:00,1127045.7589149475
2021-05-13 00:00:00,1135724.990081787
2021-05-14 00:00:00,1152750.3364562986
2021-05-17 00:00:00,1156988.9122009275
2021-05-18 00:00:00,1153073.5615730286
2021-05-19 00:00:00,1139165.3503417969
2021-05-20 00:00:00,1154429.017162323
2021-05-21 00:00:00,1158849.0354537964
2021-05-24 00:00:00,1174010.808467865
2021-05-25 00:00:00,1170227.0997047424
2021-05-26 00:00:00,1174461.9730949402
2021-05-27 00:00:00,1176054.4972419739
2021-05-28 00:00:00,1178783.1351280212
2021-06-01 00:00:00,1180379.3196678162
2021-06-02 00:00:00,1181992.8595542908
2021-06-03 00:00:00,1170248.6941337585
2021-06-04 00:00:00,1178017.415523529
2021-06-07 00:00:00,1181028.6915779114
2021-06-08 00:00:00,1180397.490787506
2021-06-09 00:00:00,1179201.019191742
2021-06-10 00:00:00,1198276.5252113342
2021-06-11 00:00:00,1197844.286251068
2021-06-14 00:00:00,1201324.3153572083
2021-06-15 00:00:00,1192377.2978782651
2021-06-16 00:00:00,1192310.702419281
2021-06-17 00:00:00,1202978.2042503357
2021-06-18 00:00:00,1196639.1335487366
2021-06-21 00:00:00,1206079.6151161194
2021-06-22 00:00:00,1213260.1618766785
2021-06-23 00:00:00,1211741.2388801575
2021-06-24 00:00:00,1217341.5091514587
2021-06-25 00:00:00,1226137.1991157532
2021-06-28 00:00:00,1242192.1521186829
2021-06-29 00:00:00,1247469.9572563171
2021-06-30 00:00:00,1236623.2369422913
2021-07-01 00:00:00,1247545.5855369568
2021-07-02 00:00:00,1257554.9803733826
2021-07-06 00:00:00,1258770.6490516663
2021-07-07 00:00:00,1262145.6934928894
2021-07-08 00:00:00,1247545.4293251038
2021-07-09 00:00:00,1259565.624332428
2021-07-12 00:00:00,1255129.5665740967
2021-07-13 00:00:00,1245530.5072784424
2021-07-14 00:00:00,1244504.8343658447
2021-07-15 00:00:00,1243507.6026916504
2021-07-16 00:00:00,1241388.4525299072
2021-07-19 00:00:00,1221413.7090682983
2021-07-20 00:00:00,1229119.4917678833
2021-07-21 00:00:00,1238140.9425735474
2021-07-22 00:00:00,1235166.1301612854
2021-07-23 00:00:00,1246482.9354286194
2021-07-26 00:00:00,1251395.0966835022
2021-07-27 00:00:00,1250419.6761131287
2021-07-28 00:00:00,1250775.7859230042
2021-07-29 00:00:00,1264750.5226135254
2021-07-30 00:00:00,1261414.3187522888
2021-08-02 00:00:00,1258877.6305198667
2021-08-03 00:00:00,1268245.4936981201
2021-08-04 00:00:00,1267923.6025810242
2021-08-05 00:00:00,1259748.0818748474
2021-08-06 00:00:00,1269485.4471206665
2021-08-09 00:00:00,1269860.3095054626
2021-08-10 00:00:00,1272980.5715560913
2021-08-11 00:00:00,1284703.8249015808
2021-08-12 00:00:00,1283062.2069358826
2021-08-13 00:00:00,1279611.136341095
2021-08-16 00:00:00,1284620.9367752075
2021-08-17 00:00:00,1279524.0169525146
2021-08-18 00:00:00,1267458.9214324951
2021-08-19 00:00:00,1274668.7627792358
2021-08-20 00:00:00,1282340.2773857117
2021-08-23 00:00:00,1280844.931602478
2021-08-24 00:00:00,1280839.7283554077
2021-08-25 00:00:00,1280430.3889274597
2021-08-26 00:00:00,1263820.0751304626
2021-08-27 00:00:00,1281407.2335243225
2021-08-30 00:00:00,1274987.7466201782
2021-08-31 00:00:00,1282504.7976493835
2021-09-01 00:00:00,1280778.1833648682
2021-09-02 00:00:00,1296342.5687789917
2021-09-03 00:00:00,1301432.2002410889
2021-09-07 00:00:00,1294979.9314498901
2021-09-08 00:00:00,1294442.0513153076
2021-09-09 00:00:00,1293785.6367111206
2021-09-10 00:00:00,1279627.9343605042
2021-09-13 00:00:00,1290056.8286895752
2021-09-14 00:00:00,1279362.6546859741
2021-09-15 00:00:00,1303562.6278877258
2021-09-16 00:00:00,1296202.638244629
2021-09-17 00:00:00,1290345.8743095398
2021-09-20 00:00:00,1251576.5345573425
2021-09-21 00:00:00,1249046.291255951
2021-09-22 00:00:00,1254804.7320365906
2021-09-23 00:00:00,1293458.762550354
2021-09-24 00:00:00,1307199.3644714355
2021-09-27 00:00:00,1331715.179347992
2021-09-28 00:00:00,1311701.432609558
2021-09-29 00:00:00,1304748.5980033875
2021-09-30 00:00:00,1283048.567390442
2021-10-01 00:00:00,1321231.7087173462
2021-10-04 00:00:00,1319962.8662109373
2021-10-05 00:00:00,1327594.6590423582
2021-10-06 00:00:00,1305703.7639617918
2021-10-07 00:00:00,1314071.0129737854
2021-10-08 00:00:00,1329971.6695785522
2021-10-11 00:00:00,1325046.4618682861
2021-10-12 00:00:00,1325189.7106170654
2021-10-13 00:00:00,1323567.1010017395
2021-10-14 00:00:00,1345825.8828163147
2021-10-15 00:00:00,1348761.604309082
2021-10-18 00:00:00,1351862.2953414917
2021-10-19 00:00:00,1363664.8589134216
2021-10-20 00:00:00,1380420.43094635
2021-10-21 00:00:00,1378123.1791496277
2021-10-22 00:00:00,1393076.5295028687
2021-10-25 00:00:00,1401765.2012825012
2021-10-26 00:00:00,1401241.7232513428
2021-10-27 00:00:00,1382043.1234359741
2021-10-28 00:00:00,1395060.0791931152
2021-10-29 00:00:00,1393119.6345329285
2021-11-01 00:00:00,1389249.2049217224
2021-11-02 00:00:00,1392784.6652030945
2021-11-03 00:00:00,1405683.4512710571
2021-11-04 00:00:00,1415514.3342971802
2021-11-05 00:00:00,1424240.7280921936
2021-11-08 00:00:00,1420522.132396698
2021-11-09 00:00:00,1427821.3206291199
2021-11-10 00:00:00,1416183.3179473877
2021-11-11 00:00:00,1413391.7574882507
2021-11-12 00:00:00,1416780.1781654358
2021-11-15 00:00:00,1419237.0515823364
2021-11-16 00:00:00,1416496.2827682495
2021-11-17 00:00:00,1412793.528175354
2021-11-18 00:00:00,1414674.8627662659
2021-11-19 00:00:00,1405007.7813148499
2021-11-22 00:00:00,1404963.9122962952
2021-11-23 00:00:00,1390156.4175605774
2021-11-24 00:00:00,1389523.5239982605
2021-11-26 00:00:00,1376283.657836914
2021-11-29 00:00:00,1383917.0372009277
2021-11-30 00:00:00,1348140.9065246582
2021-12-01 00:00:00,1332094.511604309
2021-12-02 00:00:00,1333125.1794815063
2021-12-03 00:00:00,1326378.822517395
2021-12-06 00:00:00,1345901.4485359192
2021-12-07 00:00:00,1368171.3539123535
2021-12-08 00:00:00,1366661.9769096375
2021-12-09 00:00:00,1351079.9920082092
2021-12-10 00:00:00,1354758.8438987732
2021-12-13 00:00:00,1355089.7797584534
2021-12-14 00:00:00,1346719.4757461548
2021-12-15 00:00:00,1365133.8253974915
2021-12-16 00:00:00,1367571.052646637
2021-12-17 00:00:00,1364138.8144493103
2021-12-20 00:00:00,1354182.0509910583
2021-12-21 00:00:00,1374371.614933014
2021-12-22 00:00:00,1390647.6920127869
2021-12-23 00:00:00,1394692.0065879822
2021-12-27 00:00:00,1402341.164302826
2021-12-28 00:00:00,1405478.1044960022
2021-12-29 00:00:00,1408144.1010475159
2021-12-30 00:00:00,1409403.6133766174
2021-12-31 00:00:00,1402934.2244148254
2022-01-03 00:00:00,1417480.488872528
2022-01-04 00:00:00,1409392.948627472
2022-01-05 00:00:00,1385874.3294715881
2022-01-06 00:00:00,1393884.5210075378
2022-01-07 00:00:00,1396678.351688385
2022-01-10 00:00:00,1391208.417415619
2022-01-11 00:00:00,1404131.6132545471
2022-01-12 00:00:00,1411988.767528534
2022-01-13 00:00:00,1397117.4521446228
2022-01-14 00:00:00,1403905.5220603943
2022-01-18 00:00:00,1369450.5846977234
2022-01-19 00:00:00,1347372.1190452576
2022-01-20 00:00:00,1330173.3054161072
2022-01-21 00:00:00,1321084.3665122986
2022-01-24 00:00:00,1313658.4864616394
2022-01-25 00:00:00,1297500.0247001648
2022-01-26 00:00:00,1297302.7110099792
2022-01-27 00:00:00,1301289.737033844
2022-01-28 00:00:00,1321544.8126792908
2022-01-31 00:00:00,1337618.1210517883
2022-02-01 00:00:00,1364061.912059784
2022-02-02 00:00:00,1380266.1005973816
2022-02-03 00:00:00,1367884.1212272644
2022-02-04 00:00:00,1373324.6251106262
2022-02-07 00:00:00,1363407.5022697449
2022-02-08 00:00:00,1353139.2149925232
2022-02-09 00:00:00,1372327.052783966
2022-02-10 00:00:00,1355708.7140083313
2022-02-11 00:00:00,1338892.7947044373
2022-02-14 00:00:00,1322532.9607963562
2022-02-15 00:00:00,1331105.565547943
2022-02-16 00:00:00,1339364.4194602966
2022-02-17 00:00:00,1320917.6215171814
2022-02-18 00:00:00,1318708.568096161
2022-02-22 00:00:00,1308949.5833396912
2022-02-23 00:00:00,1292191.479587555
2022-02-24 00:00:00,1304237.4676704407
2022-02-25 00:00:00,1332791.4792060852
2022-02-28 00:00:00,1324871.2147712708
2022-03-01 00:00:00,1309272.239971161
2022-03-02 00:00:00,1332798.7444877625
2022-03-03 00:00:00,1333379.2443275452
2022-03-04 00:00:00,1341569.4895744324
2022-03-07 00:00:00,1326440.23771286
2022-03-08 00:00:00,1296397.232723236
2022-03-09 00:00:00,1305253.231716156
2022-03-10 00:00:00,1305801.2328147888
2022-03-11 00:00:00,1292802.2345542908
2022-03-14 00:00:00,1275718.2227134705
2022-03-15 00:00:00,1294994.7173118591
2022-03-16 00:00:00,1309069.3945884705
2022-03-17 00:00:00,1322312.9075050354
2022-03-18 00:00:00,1332652.6029586792
2022-03-21 00:00:00,1324242.0157432556
2022-03-22 00:00:00,1331923.3967781067
2022-03-23 00:00:00,1307127.6322364807
2022-03-24 00:00:00,1322907.2810173035
2022-03-25 00:00:00,1335554.2343139648
2022-03-28 00:00:00,1348621.0969924927
2022-03-29 00:00:00,1375774.3476867676
2022-03-30 00:00:00,1374111.5900993347
2022-03-31 00:00:00,1359926.7957687378
2022-04-01 00:00:00,1369386.623096466
2022-04-04 00:00:00,1363413.6917114258
2022-04-05 00:00:00,1362130.700302124
2022-04-06 00:00:00,1362860.9580993652
2022-04-07 00:00:00,1367286.3104820251
2022-04-08 00:00:00,1369083.9100837708
2022-04-11 00:00:00,1346772.0306396484
2022-04-12 00:00:00,1338456.4086914062
2022-04-13 00:00:00,1345581.4103126526
2022-04-14 00:00:00,1342305.4098129272
2022-04-18 00:00:00,1341514.4345283508
2022-04-19 00:00:00,1378891.4051055908
2022-04-20 00:00:00,1390259.433555603
2022-04-21 00:00:00,1377459.4184875488
2022-04-22 00:00:00,1335723.4331130981
2022-04-25 00:00:00,1344877.4150848389
2022-04-26 00:00:00,1304597.4200248718
2022-04-27 00:00:00,1308615.4353141785
2022-04-28 00:00:00,1336828.4337997437
2022-04-29 00:00:00,1300511.4198684692
2022-05-02 00:00:00,1307412.4280929565
2022-05-03 00:00:00,1315713.4135246277
2022-05-04 00:00:00,1370376.4109611511
2022-05-05 00:00:00,1327094.4294929504
2022-05-06 00:00:00,1315200.4263877869
2022-05-09 00:00:00,1262282.4380874634
2022-05-10 00:00:00,1255891.2007331848
2022-05-11 00:00:00,1232266.5460586548
2022-05-12 00:00:00,1234434.2524528503
2022-05-13 00:00:00,1263432.711315155
2022-05-16 00:00:00,1269315.1488304138
2022-05-17 00:00:00,1292210.3969573975
2022-05-18 00:00:00,1248341.8244361877
2022-05-19 00:00:00,1261398.722743988
2022-05-20 00:00:00,1272746.4742660522
2022-05-23 00:00:00,1283525.3724098206
2022-05-24 00:00:00,1283944.8246955872
2022-05-25 00:00:00,1287619.029045105
2022-05-26 00:00:00,1306939.1138076782
2022-05-27 00:00:00,1328448.0669021606
2022-05-31 00:00:00,1309728.9867401123
2022-06-01 00:00:00,1302186.6411209106
2022-06-02 00:00:00,1323902.062702179
2022-06-03 00:00:00,1310605.713558197
2022-06-06 00:00:00,1310993.3440208435
2022-06-07 00:00:00,1326698.6022949219
2022-06-08 00:00:00,1312461.0485076904
2022-06-09 00:00:00,1281005.000114441
2022-06-10 00:00:00,1249444.7538375854
2022-06-13 00:00:00,1220029.757976532
2022-06-14 00:00:00,1218909.7529411316
2022-06-15 00:00:00,1224032.7563285828
2022-06-16 00:00:00,1217951.758480072
2022-06-17 00:00:00,1220517.7535057068
2022-06-21 00:00:00,1219550.7605552673
2022-06-22 00:00:00,1227536.7381095886
2022-06-23 00:00:00,1254231.7648887634
2022-06-24 00:00:00,1285862.7539634705
2022-06-27 00:00:00,1285417.7594184875
2022-06-28 00:00:00,1256091.7464256287
2022-06-29 00:00:00,1261462.7636909485
2022-06-30 00:00:00,1251556.7559242249
2022-07-01 00:00:00,1273735.7661247253
2022-07-05 00:00:00,1284776.748085022
2022-07-06 00:00:00,1289496.7514038086
2022-07-07 00:00:00,1297331.75907135
2022-07-08 00:00:00,1291646.7540740967
2022-07-11 00:00:00,1284106.7517280579
2022-07-12 00:00:00,1278679.7574996948
2022-07-13 00:00:00,1273973.7594604492
2022-07-14 00:00:00,1255574.7553825378
2022-07-15 00:00:00,1274953.748703003
2022-07-18 00:00:00,1267189.656829834
2022-07-19 00:00:00,1310296.750831604
2022-07-20 00:00:00,1328678.4713745117
2022-07-21 00:00:00,1351717.2183036804
2022-07-22 00:00:00,1344778.7121772766
2022-07-25 00:00:00,1345810.7403755188
2022-07-26 00:00:00,1333638.1209373474
2022-07-27 00:00:00,1364650.8924484253
2022-07-28 00:00:00,1405419.013118744
2022-07-29 00:00:00,1418839.1847610474
2022-08-01 00:00:00,1413233.9043617249
2022-08-02 00:00:00,1406657.9714775085
2022-08-03 00:00:00,1425204.5958518982
2022-08-04 00:00:00,1418850.3825187683
2022-08-05 00:00:00,1416099.240398407
2022-08-08 00:00:00,1429452.5519371033
2022-08-09 00:00:00,1416797.970867157
2022-08-10 00:00:00,1458834.9113464355
2022-08-11 00:00:00,1459345.7291603088
2022-08-12 00:00:00,1490460.509300232
2022-08-15 00:00:00,1489248.3145713806
2022-08-16 00:00:00,1492457.73935318
2022-08-17 00:00:00,1476877.0859718323
2022-08-18 00:00:00,1479492.5948143005
2022-08-19 00:00:00,1456490.537261963
2022-08-22 00:00:00,1441263.5672569275
2022-08-23 00:00:00,1443493.5534477234
2022-08-24 00:00:00,1446347.2140312195
2022-08-25 00:00:00,1455115.2148246765
2022-08-26 00:00:00,1405621.5700149536
2022-08-29 00:00:00,1397116.2123680115
2022-08-30 00:00:00,1381476.2097358704
2022-08-31 00:00:00,1379504.8692703247
2022-09-01 00:00:00,1377211.5305900574
2022-09-02 00:00:00,1375220.8760261536
2022-09-06 00:00:00,1371995.8737373352
2022-09-07 00:00:00,1374379.87947464
2022-09-08 00:00:00,1384571.870136261
2022-09-09 00:00:00,1399611.8830680847
2022-09-12 00:00:00,1413410.886478424
2022-09-13 00:00:00,1365780.8798789978
2022-09-14 00:00:00,1369113.8770103455
2022-09-15 00:00:00,1365879.8800468445
2022-09-16 00:00:00,1354296.8579292297
2022-09-19 00:00:00,1359568.8788414001
2022-09-20 00:00:00,1337865.8619880676
2022-09-21 00:00:00,1313753.8443565369
2022-09-22 00:00:00,1313547.8489875793
2022-09-23 00:00:00,1295096.5504646301
2022-09-26 00:00:00,1280483.9692115784
2022-09-27 00:00:00,1272247.428226471
2022-09-28 00:00:00,1286963.1989479065
2022-09-29 00:00:00,1263326.9417762756
2022-09-30 00:00:00,1242009.3752861023
2022-10-03 00:00:00,1267289.113521576
2022-10-04 00:00:00,1310849.1337776184
2022-10-05 00:00:00,1311340.6177520752
2022-10-06 00:00:00,1304269.393157959
2022-10-07 00:00:00,1277473.383808136
2022-10-10 00:00:00,1245112.642288208
2022-10-11 00:00:00,1226961.9004249573
2022-10-12 00:00:00,1221545.8877563477
2022-10-13 00:00:00,1241883.8940620422
2022-10-14 00:00:00,1212964.3951416016
2022-10-17 00:00:00,1236487.3739242554
2022-10-18 00:00:00,1255214.8885726929
2022-10-19 00:00:00,1245687.6400470734
2022-10-20 00:00:00,1236236.1453056335
2022-10-21 00:00:00,1257622.6289749146
2022-10-24 00:00:00,1265994.8852539062
2022-10-25 00:00:00,1295728.6191940308
2022-10-26 00:00:00,1292200.138950348
2022-10-27 00:00:00,1287874.1269111633
2022-10-28 00:00:00,1316017.38986969
2022-10-31 00:00:00,1305463.882446289
2022-11-01 00:00:00,1296520.8807945251
2022-11-02 00:00:00,1276958.8735580444
2022-11-03 00:00:00,1273930.6338310242
2022-11-04 00:00:00,1276305.3861618042
2022-11-07 00:00:00,1292116.882801056
2022-11-08 00:00:00,1299129.8739433289
2022-11-09 00:00:00,1280852.8648376465
2022-11-10 00:00:00,1348415.3792381287
2022-11-11 00:00:00,1363080.3656578064
2022-11-14 00:00:00,1346546.3829040527
2022-11-15 00:00:00,1360937.3607635498
2022-11-16 00:00:00,1336902.386188507
2022-11-17 00:00:00,1329914.3662452698
2022-11-18 00:00:00,1341569.3684577942
2022-11-21 00:00:00,1343446.3865280151
2022-11-22 00:00:00,1346394.3778038025
2022-11-23 00:00:00,1354085.8717918396
2022-11-25 00:00:00,1356431.8493843079
2022-11-28 00:00:00,1342150.376033783
2022-11-29 00:00:00,1337017.3570632935
2022-11-30 00:00:00,1363396.3576316833
2022-12-01 00:00:00,1360760.8749389648
2022-12-02 00:00:00,1360545.8802223206
2022-12-05 00:00:00,1338906.3853263855
2022-12-06 00:00:00,1320284.3817710876
2022-12-07 00:00:00,1320295.3800201416
2022-12-08 00:00:00,1331227.390384674
2022-12-09 00:00:00,1313102.3809432983
2022-12-12 00:00:00,1329159.3930244446
2022-12-13 00:00:00,1340525.375175476
2022-12-14 00:00:00,1329244.3751335144
2022-12-15 00:00:00,1308813.364124298
2022-12-16 00:00:00,1290942.3817634583
2022-12-19 00:00:00,1284716.373348236
2022-12-20 00:00:00,1283918.370437622
2022-12-21 00:00:00,1288618.3925628662
2022-12-22 00:00:00,1272590.3816223145
2022-12-23 00:00:00,1296193.3860778809
2022-12-27 00:00:00,1303972.3846435547
2022-12-28 00:00:00,1276054.379081726
2022-12-29 00:00:00,1290340.3799057007
2022-12-30 00:00:00,1291508.384513855
2023-01-03 00:00:00,1265462.3891830444
2023-01-04 00:00:00,1283621.3996887207
2023-01-05 00:00:00,1286004.3928146362
2023-01-06 00:00:00,1303100.6669044495
2023-01-09 00:00:00,1297879.8132896423
2023-01-10 00:00:00,1313085.512828827
2023-01-11 00:00:00,1332186.139202118
2023-01-12 00:00:00,1343236.743068695
2023-01-13 00:00:00,1355821.749305725
2023-01-17 00:00:00,1347410.0962638855
2023-01-18 00:00:00,1327197.407245636
2023-01-19 00:00:00,1314255.8935165405
2023-01-20 00:00:00,1335770.6143379211
2023-01-23 00:00:00,1349224.3458747864
2023-01-24 00:00:00,1341127.8329849243
2023-01-25 00:00:00,1343009.1566085815
2023-01-26 00:00:00,1360990.2438163757
2023-01-27 00:00:00,1364829.1291236877
2023-01-30 00:00:00,1345031.723690033
2023-01-31 00:00:00,1370949.6919631958
2023-02-01 00:00:00,1390966.4600372314
2023-02-02 00:00:00,1418853.1087875366
2023-02-03 00:00:00,1393090.0393486023
2023-02-06 00:00:00,1374959.9133491516
2023-02-07 00:00:00,1398132.0148468018
2023-02-08 00:00:00,1386952.8114318848
2023-02-09 00:00:00,1365307.136631012
2023-02-10 00:00:00,1366277.5406837463
2023-02-13 00:00:00,1378909.7616195679
2023-02-14 00:00:00,1378418.6959266663
2023-02-15 00:00:00,1390216.913509369
2023-02-16 00:00:00,1381548.0669021606
2023-02-17 00:00:00,1386247.5017547607
2023-02-21 00:00:00,1363973.0808258057
2023-02-22 00:00:00,1359913.5387420654
2023-02-23 00:00:00,1358436.8520736694
2023-02-24 00:00:00,1352289.8651123047
2023-02-27 00:00:00,1355738.8525009155
2023-02-28 00:00:00,1349997.85490036
2023-03-01 00:00:00,1351980.8562278748
2023-03-02 00:00:00,1360271.8702316284
2023-03-03 00:00:00,1379445.8614349365
2023-03-06 00:00:00,1371054.882144928
2023-03-07 00:00:00,1352706.8816184998
2023-03-08 00:00:00,1352720.8785057068
2023-03-09 00:00:00,1328998.8766670227
2023-03-10 00:00:00,1305222.8688240051
2023-03-13 00:00:00,1309237.8640174866
2023-03-14 00:00:00,1322426.8862724304
2023-03-15 00:00:00,1327293.8850402832
2023-03-16 00:00:00,1337594.8961257935
2023-03-17 00:00:00,1320632.872390747
2023-03-20 00:00:00,1329477.889251709
2023-03-21 00:00:00,1318606.8698883057
2023-03-22 00:00:00,1295745.8585739136
2023-03-23 00:00:00,1297491.8817520142
2023-03-24 00:00:00,1308097.8830337524
2023-03-27 00:00:00,1306553.8808822632
2023-03-28 00:00:00,1309824.8735427856
2023-03-29 00:00:00,1322080.869102478
2023-03-30 00:00:00,1328146.8906402588
2023-03-31 00:00:00,1346107.8754425049
2023-04-03 00:00:00,1354943.877029419
2023-04-04 00:00:00,1351974.86743927
2023-04-05 00:00:00,1358193.8753128052
2023-04-06 00:00:00,1359457.8834533691
2023-04-10 00:00:00,1360875.8710861206
2023-04-11 00:00:00,1365449.8586654663
2023-04-12 00:00:00,1360408.8716506958
2023-04-13 00:00:00,1373753.261756897
2023-04-14 00:00:00,1363509.981918335
2023-04-17 00:00:00,1361668.1596755981
2023-04-18 00:00:00,1361984.9767684937
2023-04-19 00:00:00,1359451.0236740112
2023-04-20 00:00:00,1352401.2998580933
2023-04-21 00:00:00,1345980.968093872
2023-04-24 00:00:00,1345678.8204193115
2023-04-25 00:00:00,1323245.5169677734
2023-04-26 00:00:00,1311078.6771774292
2023-04-27 00:00:00,1327733.2796096802
2023-04-28 00:00:00,1343791.3073539734
2023-05-01 00:00:00,1340954.953956604
2023-05-02 00:00:00,1335097.2381591797
2023-05-03 00:00:00,1350148.1874465942
2023-05-04 00:00:00,1357580.4794311523
2023-05-05 00:00:00,1350968.2134628296
2023-05-08 00:00:00,1348201.816558838
2023-05-09 00:00:00,1339785.1459503174
2023-05-10 00:00:00,1344855.432319641
2023-05-11 00:00:00,1346778.1796455383
2023-05-12 00:00:00,1346494.1000938416
2023-05-15 00:00:00,1353103.2809257507
2023-05-16 00:00:00,1345804.2663574219
2023-05-17 00:00:00,1372106.2806129456
2023-05-18 00:00:00,1387413.2740974426
2023-05-19 00:00:00,1377069.2804336548
2023-05-22 00:00:00,1381440.277004242
2023-05-23 00:00:00,1376981.2818527222
2023-05-24 00:00:00,1349585.2831840515
2023-05-25 00:00:00,1366606.9012641907
2023-05-26 00:00:00,1390624.0138053894
2023-05-30 00:00:00,1394828.3190727234
2023-05-31 00:00:00,1384915.5831336975
2023-06-01 00:00:00,1398153.2270431519
2023-06-02 00:00:00,1418699.6224403381
2023-06-05 00:00:00,1409803.70054245
2023-06-06 00:00:00,1422935.2793693542
2023-06-07 00:00:00,1429442.9949760437
2023-06-08 00:00:00,1433524.7659683228
2023-06-09 00:00:00,1441617.585659027
2023-06-12 00:00:00,1467846.941280365
2023-06-13 00:00:00,1485634.7763061523
2023-06-14 00:00:00,1485973.7664222717
2023-06-15 00:00:00,1501110.1043701172
2023-06-16 00:00:00,1492866.7149543762
2023-06-20 00:00:00,1476419.7608947754
2023-06-21 00:00:00,1468903.3720970154
2023-06-22 00:00:00,1471218.7333106995
2023-06-23 00:00:00,1466850.0315666199
2023-06-26 00:00:00,1465194.665813446
2023-06-27 00:00:00,1489289.8493766785
2023-06-28 00:00:00,1489071.8461990356
2023-06-29 00:00:00,1501344.8448181152
2023-06-30 00:00:00,1521979.8406600952
2023-07-03 00:00:00,1523922.8457450867
2023-07-05 00:00:00,1521574.8520851135
2023-07-06 00:00:00,1511721.8487739563
2023-07-07 00:00:00,1521868.8647270203
2023-07-10 00:00:00,1530682.8351020815
2023-07-11 00:00:00,1544947.8354454043
2023-07-12 00:00:00,1547635.8330726626
2023-07-13 00:00:00,1550989.8517608643
2023-07-14 00:00:00,1535514.8363113406
2023-07-17 00:00:00,1537935.8481407166
2023-07-18 00:00:00,1550501.8501281738
2023-07-19 00:00:00,1560639.8453712463
2023-07-20 00:00:00,1553176.8461227417
2023-07-21 00:00:00,1559651.8443107605
2023-07-24 00:00:00,1565333.853340149
2023-07-25 00:00:00,1557337.8562927246
2023-07-26 00:00:00,1569875.8633613586
2023-07-27 00:00:00,1558415.8637046816
2023-07-28 00:00:00,1558298.858165741
2023-07-31 00:00:00,1555511.8509292603
2023-08-01 00:00:00,1548591.857624054
2023-08-02 00:00:00,1534791.8785095217
2023-08-03 00:00:00,1536690.8823013308
2023-08-04 00:00:00,1534322.877216339
2023-08-07 00:00:00,1553285.8772277832
2023-08-08 00:00:00,1549489.8708343506
2023-08-09 00:00:00,1537616.8838500977
2023-08-10 00:00:00,1540922.870063782
2023-08-11 00:00:00,1546245.8715438845
2023-08-14 00:00:00,1546914.8803710938
2023-08-15 00:00:00,1531763.892173767
2023-08-16 00:00:00,1518234.8728179932
2023-08-17 00:00:00,1505143.886756897
2023-08-18 00:00:00,1511662.887763977
2023-08-21 00:00:00,1507117.8800582886
2023-08-22 00:00:00,1508596.8618392947
2023-08-23 00:00:00,1514970.8776474
2023-08-24 00:00:00,1495188.8826370242
2023-08-25 00:00:00,1505394.8822021487
2023-08-28 00:00:00,1517749.8918533328
2023-08-29 00:00:00,1534995.8831787112
2023-08-30 00:00:00,1545085.8656883242
2023-08-31 00:00:00,1542710.8906745913
2023-09-01 00:00:00,1548637.8583908083
2023-09-05 00:00:00,1532373.8743782046
2023-09-06 00:00:00,1523183.8850021365
2023-09-07 00:00:00,1511152.8788566592
2023-09-08 00:00:00,1507343.8506126406
2023-09-11 00:00:00,1509773.8629341128
2023-09-12 00:00:00,1496089.8495674136
2023-09-13 00:00:00,1493279.8626899722
2023-09-14 00:00:00,1509168.8582420351
2023-09-15 00:00:00,1492304.8603057864
2023-09-18 00:00:00,1490262.8771781924
2023-09-19 00:00:00,1489122.8667259219
2023-09-20 00:00:00,1493055.8732032778
2023-09-21 00:00:00,1479171.8672752383
2023-09-22 00:00:00,1468289.8672103884
2023-09-25 00:00:00,1472835.8657836916
2023-09-26 00:00:00,1455371.8681335452
2023-09-27 00:00:00,1456660.8863830569
2023-09-28 00:00:00,1468801.8562316897
2023-09-29 00:00:00,1465371.8917846682
2023-10-02 00:00:00,1457471.8910217287
2023-10-03 00:00:00,1438848.8845825198
2023-10-04 00:00:00,1459433.861923218
2023-10-05 00:00:00,1458428.8963317873
2023-10-06 00:00:00,1467587.8807067873
2023-10-09 00:00:00,1468659.8892211916
2023-10-10 00:00:00,1475850.8850097659
2023-10-11 00:00:00,1475282.8678131106
2023-10-12 00:00:00,1459149.881744385
2023-10-13 00:00:00,1453634.8976135256
2023-10-16 00:00:00,1462144.877433777
2023-10-17 00:00:00,1474976.8787384036
2023-10-18 00:00:00,1451341.8758392336
2023-10-19 00:00:00,1439772.8912353518
2023-10-20 00:00:00,1424425.8941650393
2023-10-23 00:00:00,1413608.8960647585
2023-10-24 00:00:00,1424534.8728179934
2023-10-25 00:00:00,1410905.8856964114
2023-10-26 00:00:00,1390939.8816108706
2023-10-27 00:00:00,1375993.888282776
2023-10-30 00:00:00,1388156.8854331973
2023-10-31 00:00:00,1397136.8868827822
2023-11-01 00:00:00,1402644.8929786684
2023-11-02 00:00:00,1436938.8867378237
2023-11-03 00:00:00,1480704.8768997195
2023-11-06 00:00:00,1468770.8845138552
2023-11-07 00:00:00,1470535.8731269839
2023-11-08 00:00:00,1472281.8693161013
2023-11-09 00:00:00,1450181.8924903872
2023-11-10 00:00:00,1456725.8822441103
2023-11-13 00:00:00,1447019.872093201
2023-11-14 00:00:00,1504161.887073517
2023-11-15 00:00:00,1514704.8876762392
2023-11-16 00:00:00,1507931.8694114687
2023-11-17 00:00:00,1513581.8804740908
2023-11-20 00:00:00,1518962.8615379336
2023-11-21 00:00:00,1510621.8729019167
2023-11-22 00:00:00,1519097.8758811953
2023-11-24 00:00:00,1525258.8838577273
2023-11-27 00:00:00,1517704.8808097842
2023-11-28 00:00:00,1518726.882362366
2023-11-29 00:00:00,1530676.858711243
2023-11-30 00:00:00,1539983.861255646
2023-12-01 00:00:00,1571549.8757362368
2023-12-04 00:00:00,1575009.871864319
2023-12-05 00:00:00,1564461.870288849
2023-12-06 00:00:00,1571155.8751106265
2023-12-07 00:00:00,1583301.880168915
2023-12-08 00:00:00,1576171.8523025515
2023-12-11 00:00:00,1577995.8698272707
2023-12-12 00:00:00,1585056.8636894228
2023-12-13 00:00:00,1624227.8638839724
2023-12-14 00:00:00,1638253.8431167605
2023-12-15 00:00:00,1630760.844230652
2023-12-18 00:00:00,1623917.8428649905
2023-12-19 00:00:00,1638974.8690605166
2023-12-20 00:00:00,1610936.8667602541
2023-12-21 00:00:00,1630286.8667602541
2023-12-22 00:00:00,1635983.8913917544
2023-12-26 00:00:00,1645891.859149933
2023-12-27 00:00:00,1650683.8616371157
2023-12-28 00:00:00,1650385.8735084536
2023-12-29 00:00:00,1645400.8606910708
2024-01-02 00:00:00,1639724.857234955
2024-01-03 00:00:00,1628366.8602943423
2024-01-04 00:00:00,1629375.865840912
2024-01-05 00:00:00,1630642.8709983828
2024-01-08 00:00:00,1632806.8587303164
2024-01-09 00:00:00,1623631.8581581118
2024-01-10 00:00:00,1627011.850833893
2024-01-11 00:00:00,1622908.8564872744
2024-01-12 00:00:00,1607837.47587204
2024-01-16 00:00:00,1605830.985927582
2024-01-17 00:00:00,1604485.981655121
2024-01-18 00:00:00,1619816.96805954
2024-01-19 00:00:00,1644634.9867820742
2024-01-22 00:00:00,1644037.9950523379
2024-01-23 00:00:00,1645505.9638023379
2024-01-24 00:00:00,1648713.9758110049
2024-01-25 00:00:00,1655815.984630585
2024-01-26 00:00:00,1653314.9783134463
2024-01-29 00:00:00,1658177.9688835146
2024-01-30 00:00:00,1658116.9873237612
2024-01-31 00:00:00,1629925.9849548342
2024-02-01 00:00:00,1637042.9686546328
2024-02-02 00:00:00,1643823.9950180056
2024-02-05 00:00:00,1633695.9950447085
2024-02-06 00:00:00,1634916.9869422915
2024-02-07 00:00:00,1647566.9971466067
2024-02-08 00:00:00,1645013.9913558962
2024-02-09 00:00:00,1648117.9889678957
2024-02-12 00:00:00,1654366.9920921328
2024-02-13 00:00:00,1632715.9875869753
2024-02-14 00:00:00,1649888.9859199526
2024-02-15 00:00:00,1660691.9927597048
2024-02-16 00:00:00,1653485.9740257266
2024-02-20 00:00:00,1651931.995201111
2024-02-21 00:00:00,1665809.99622345
2024-02-22 00:00:00,1675803.9937973025
2024-02-23 00:00:00,1685752.982902527
2024-02-26 00:00:00,1678583.9714050295
2024-02-27 00:00:00,1686062.9896163943
2024-02-28 00:00:00,1692070.9841728213
2024-02-29 00:00:00,1696096.9882011416
2024-03-01 00:00:00,1702035.9792709353
2024-03-04 00:00:00,1703216.9832229617
2024-03-05 00:00:00,1701716.9999122622
2024-03-06 00:00:00,1710325.9854316714
2024-03-07 00:00:00,1725013.9799118044
2024-03-08 00:00:00,1724530.9868812563
2024-03-11 00:00:00,1732625.0029563906
2024-03-12 00:00:00,1736506.9871902468
2024-03-13 00:00:00,1734583.006668091
2024-03-14 00:00:00,1714608.9853286745
2024-03-15 00:00:00,1718045.997810364
2024-03-18 00:00:00,1721286.985397339
2024-03-19 00:00:00,1727722.97410965
2024-03-20 00:00:00,1735381.991004944
2024-03-21 00:00:00,1737743.9887046816
2024-03-22 00:00:00,1734564.996147156
2024-03-25 00:00:00,1737908.0070495608
2024-03-26 00:00:00,1734591.0011291506
2024-03-27 00:00:00,1757464.0055656435
2024-03-28 00:00:00,1766375.0162124636
2024-04-01 00:00:00,1759893.9969062808
2024-04-02 00:00:00,1740030.9891700747
2024-04-03 00:00:00,1740365.0150299075
2024-04-04 00:00:00,1723351.0115623476
2024-04-05 00:00:00,1730138.0108833315
2024-04-08 00:00:00,1723090.9871101382
2024-04-09 00:00:00,1716255.000972748
2024-04-10 00:00:00,1688087.9834175112
2024-04-11 00:00:00,1691656.9720268252
2024-04-12 00:00:00,1657807.0279121401
2024-04-15 00:00:00,1648864.0057563784
2024-04-16 00:00:00,1648042.0102119448
2024-04-17 00:00:00,1650519.0127372744
2024-04-18 00:00:00,1658348.9947319033
2024-04-19 00:00:00,1666310.9843254092
2024-04-22 00:00:00,1682836.0095024111
2024-04-23 00:00:00,1695714.984893799
2024-04-24 00:00:00,1689655.9911727908
2024-04-25 00:00:00,1688258.0003738406
